Frequency (MHz),Amplitude
0.000000000000000000e+00,1.856102336053583280e-03
9.082652134423252130e-03,1.856176231846288658e-03
1.816530426884650426e-02,1.856397951201656802e-03
2.724795640326975119e-02,1.856767590061514893e-03
3.633060853769300852e-02,1.857285308457034840e-03
4.541326067211626238e-02,1.857951330661457897e-03
5.449591280653950237e-02,1.858765945454160561e-03
6.357856494096275624e-02,1.859729506411158086e-03
7.266121707538601704e-02,1.860842432304485317e-03
8.174386920980926396e-02,1.862105207551911605e-03
9.082652134423252477e-02,1.863518382739629692e-03
9.990917347865575782e-02,1.865082575228581892e-03
1.089918256130790047e-01,1.866798469827278453e-03
1.180744777475022655e-01,1.868666819540708030e-03
1.271571298819255125e-01,1.870688446408138228e-03
1.362397820163487594e-01,1.872864242399177679e-03
1.453224341507720341e-01,1.875195170411280213e-03
1.544050862851952810e-01,1.877682265340501399e-03
1.634877384196185279e-01,1.880326635244769420e-03
1.725703905540417749e-01,1.883129462576906129e-03
1.816530426884650495e-01,1.886092005541233942e-03
1.907356948228882687e-01,1.889215599506603293e-03
1.998183469573115156e-01,1.892501658543719115e-03
2.089009990917347903e-01,1.895951677046753400e-03
2.179836512261580095e-01,1.899567231471942100e-03
2.270663033605812842e-01,1.903349982165543049e-03
2.361489554950045311e-01,1.907301675323283107e-03
2.452316076294278058e-01,1.911424145040955700e-03
2.543142597638510249e-01,1.915719315519111244e-03
2.633969118982742441e-01,1.920189203359872008e-03
2.724795640326975188e-01,1.924835920019323703e-03
2.815622161671207935e-01,1.929661674376928048e-03
2.906448683015440682e-01,1.934668775434674436e-03
2.997275204359672873e-01,1.939859635251384423e-03
3.088101725703905620e-01,1.945236771909238062e-03
3.178928247048138367e-01,1.950802812719294168e-03
3.269754768392370559e-01,1.956560497588815620e-03
3.360581289736602750e-01,1.962512682550042117e-03
3.451407811080835497e-01,1.968662343502187561e-03
3.542234332425068244e-01,1.975012580119267242e-03
3.633060853769300991e-01,1.981566620010316668e-03
3.723887375113533182e-01,1.988327823032062878e-03
3.814713896457765374e-01,1.995299685917418641e-03
3.905540417801998121e-01,2.002485847065364928e-03
3.996366939146230313e-01,2.009890091647708807e-03
4.087193460490463059e-01,2.017516356943516859e-03
4.178019981834695806e-01,2.025368737983540210e-03
4.268846503178928553e-01,2.033451493488077147e-03
4.359673024523160190e-01,2.041769052121766240e-03
4.450499545867392936e-01,2.050326019080396436e-03
4.541326067211625683e-01,2.059127183051288543e-03
4.632152588555858430e-01,2.068177523519510765e-03
4.722979109900090622e-01,2.077482218510331644e-03
4.813805631244323369e-01,2.087046652721469275e-03
4.904632152588556115e-01,2.096876426130748431e-03
4.995458673932788307e-01,2.106977363061887740e-03
5.086285195277020499e-01,2.117355521762672582e-03
5.177111716621253246e-01,2.128017204533615581e-03
5.267938237965484882e-01,2.138968968400274673e-03
5.358764759309717629e-01,2.150217636423046048e-03
5.449591280653950376e-01,2.161770309643552476e-03
5.540417801998183123e-01,2.173634379714605488e-03
5.631244323342415870e-01,2.185817542285958381e-03
5.722070844686648616e-01,2.198327811154771744e-03
5.812897366030881363e-01,2.211173533266958240e-03
5.903723887375113000e-01,2.224363404613695448e-03
5.994550408719345747e-01,2.237906487085295718e-03
6.085376930063578493e-01,2.251812226349925953e-03
6.176203451407811240e-01,2.266090470820878930e-03
6.267029972752043987e-01,2.280751491825272915e-03
6.357856494096276734e-01,2.295806004987543426e-03
6.448683015440508370e-01,2.311265193017985557e-03
6.539509536784741117e-01,2.327140729913358165e-03
6.630336058128972754e-01,2.343444806733153453e-03
6.721162579473205501e-01,2.360190159040289910e-03
6.811989100817438247e-01,2.377390096164333499e-03
6.902815622161670994e-01,2.395058532394078298e-03
6.993642143505903741e-01,2.413210020263202842e-03
7.084468664850136488e-01,2.431859786098382759e-03
7.175295186194369235e-01,2.451023768007105051e-03
7.266121707538601981e-01,2.470718656494124039e-03
7.356948228882833618e-01,2.490961937939440828e-03
7.447774750227066365e-01,2.511771941140327445e-03
7.538601271571299112e-01,2.533167887204053944e-03
7.629427792915530748e-01,2.555169943084591687e-03
7.720254314259763495e-01,2.577799279016468326e-03
7.811080835603996242e-01,2.601078130234572416e-03
7.901907356948228989e-01,2.625029863372840312e-03
7.992733878292460625e-01,2.649679047863577521e-03
8.083560399636693372e-01,2.675051532922789136e-03
8.174386920980926119e-01,2.701174530486505614e-03
8.265213442325158866e-01,2.728076704769564608e-03
8.356039963669391613e-01,2.755788268989377114e-03
8.446866485013624359e-01,2.784341089975624246e-03
8.537693006357857106e-01,2.813768801366140892e-03
8.628519527702089853e-01,2.844106926344516176e-03
8.719346049046320379e-01,2.875393010693444353e-03
8.810172570390553126e-01,2.907666767362466261e-03
8.900999091734785873e-01,2.940970233597163530e-03
8.991825613079018620e-01,2.975347942011032695e-03
9.082652134423251367e-01,3.010847107007925180e-03
9.173478655767484113e-01,3.047517828209960269e-03
9.264305177111716860e-01,3.085413312719261034e-03
9.355131698455949607e-01,3.124590118294155727e-03
9.445958219800181244e-01,3.165108419741143129e-03
9.536784741144413990e-01,3.207032301194945138e-03
9.627611262488646737e-01,3.250430077203846080e-03
9.718437783832879484e-01,3.295374646059498654e-03
9.809264305177112231e-01,3.341943879163934358e-03
9.900090826521343867e-01,3.390221050814514175e-03
9.990917347865576614e-01,3.440295313355230984e-03
1.008174386920980936e+00,3.492262223455258521e-03
1.017257039055404100e+00,3.546224325948593367e-03
1.026339691189827485e+00,3.602291802810757629e-03
1.035422343324250649e+00,3.660583195820449071e-03
1.044504995458673813e+00,3.721226212962092626e-03
1.053587647593096976e+00,3.784358629971354415e-03
1.062670299727520362e+00,3.850129300551351479e-03
1.071752951861943526e+00,3.918699290652807692e-03
1.080835603996366912e+00,3.990243155195367930e-03
1.089918256130790075e+00,4.064950378354252776e-03
1.099000908265213461e+00,4.143027002419100158e-03
1.108083560399636625e+00,4.224697474831849535e-03
1.117166212534060010e+00,4.310206748039453750e-03
1.126248864668483174e+00,4.399822673666590675e-03
1.135331516802906560e+00,4.493838740165829668e-03
1.144414168937329723e+00,4.592577212915460033e-03
1.153496821071753109e+00,4.696392747475841394e-03
1.162579473206176273e+00,4.805676561343901095e-03
1.171662125340599436e+00,4.920861267577770169e-03
1.180744777475022600e+00,5.042426496134795599e-03
1.189827429609445764e+00,5.170905456843539506e-03
1.198910081743869149e+00,5.306892633372765379e-03
1.207992733878292313e+00,5.451052842220780598e-03
1.217075386012715699e+00,5.604131947955079060e-03
1.226158038147138862e+00,5.766969599046279857e-03
1.235240690281562248e+00,5.940514443231752553e-03
1.244323342415985412e+00,6.125842404535964889e-03
1.253405994550408797e+00,6.324178765578991439e-03
1.262488646684831961e+00,6.536925012785188560e-03
1.271571298819255347e+00,6.765691687591075983e-03
1.280653950953678510e+00,7.012338872157269920e-03
1.289736603088101674e+00,7.279026462764337339e-03
1.298819255222525060e+00,7.568277107582747389e-03
1.307901907356948223e+00,7.883055693815832835e-03
1.316984559491371609e+00,8.226870693703144249e-03
1.326067211625794551e+00,8.603904719593980649e-03
1.335149863760217936e+00,9.019184604743173475e-03
1.344232515894641100e+00,9.478805712848044351e-03
1.353315168029064486e+00,9.990231780350057600e-03
1.362397820163487649e+00,1.056270172955003223e-02
1.371480472297911035e+00,1.120779079012093789e-02
1.380563124432334199e+00,1.194019882323439467e-02
1.389645776566757585e+00,1.277888094430638943e-02
1.398728428701180748e+00,1.374870737344377480e-02
1.407811080835603912e+00,1.488296597917765710e-02
1.416893732970027298e+00,1.622725278767879475e-02
1.425976385104450461e+00,1.784574002534173448e-02
1.435059037238873847e+00,1.983170901517522164e-02
1.444141689373297011e+00,2.232616645866265098e-02
1.453224341507720396e+00,2.555284304592499514e-02
1.462306993642143338e+00,2.988928438236665430e-02
1.471389645776566724e+00,3.602647023923159775e-02
1.480472297910989887e+00,4.537926405508029698e-02
1.489554950045413273e+00,6.137072266614874982e-02
1.498637602179836437e+00,9.495462814707961163e-02
1.507720254314259822e+00,2.106365864836184099e-01
1.516802906448682986e+00,9.462011299544208498e-01
1.525885558583106150e+00,1.453162478800770208e-01
1.534968210717529535e+00,7.857732852197414630e-02
1.544050862851952699e+00,5.378959909838496728e-02
1.553133514986376085e+00,4.085763478495842149e-02
1.562216167120799248e+00,3.291756682512988336e-02
1.571298819255222634e+00,2.754685335689554398e-02
1.580381471389645798e+00,2.367221638432949818e-02
1.589464123524069183e+00,2.074509163665860800e-02
1.598546775658492125e+00,1.845589337092548229e-02
1.607629427792915511e+00,1.661665884451071426e-02
1.616712079927338674e+00,1.510666404632107947e-02
1.625794732061762060e+00,1.384482570962423248e-02
1.634877384196185224e+00,1.277466516733111700e-02
1.643960036330608387e+00,1.185563365311664667e-02
1.653042688465031773e+00,1.105786592667612131e-02
1.662125340599454937e+00,1.035887918396355585e-02
1.671207992733878323e+00,9.741424728984669767e-03
1.680290644868301486e+00,9.192048593852281124e-03
1.689373297002724872e+00,8.700102391487211928e-03
1.698455949137148036e+00,8.257048239089773492e-03
1.707538601271571421e+00,7.855960570290159220e-03
1.716621253405994585e+00,7.491162702987747869e-03
1.725703905540417971e+00,7.157957472036490139e-03
1.734786557674841134e+00,6.852424697366868434e-03
1.743869209809264076e+00,6.571266908904649547e-03
1.752951861943687462e+00,6.311690426056122682e-03
1.762034514078110625e+00,6.071312687336055842e-03
1.771117166212534011e+00,5.848089309774009287e-03
1.780199818346957175e+00,5.640256145423623406e-03
1.789282470481380560e+00,5.446282856802992477e-03
1.798365122615803724e+00,5.264835425318754002e-03
1.807447774750227110e+00,5.094745649661549733e-03
1.816530426884650273e+00,4.934986159545354072e-03
1.825613079019073659e+00,4.784649815346643693e-03
1.834695731153496823e+00,4.642932620980893231e-03
1.843778383287920208e+00,4.509119470326851051e-03
1.852861035422343372e+00,4.382572193729022784e-03
1.861943687556766536e+00,4.262719482917146259e-03
1.871026339691189921e+00,4.149048358758935552e-03
1.880108991825612863e+00,4.041096913023759125e-03
1.889191643960036249e+00,3.938448107681189261e-03
1.898274296094459412e+00,3.840724456161395770e-03
1.907356948228882798e+00,3.747583443670406481e-03
1.916439600363305962e+00,3.658713569411279915e-03
1.925522252497729347e+00,3.573830914414914076e-03
1.934604904632152511e+00,3.492676155254492969e-03
1.943687556766575897e+00,3.415011957548878645e-03
1.952770208900999060e+00,3.340620694013566108e-03
1.961852861035422446e+00,3.269302440958566508e-03
1.970935513169845610e+00,3.200873214252517550e-03
1.980018165304268773e+00,3.135163412160267560e-03
1.989100817438692159e+00,3.072016437216158573e-03
1.998183469573115323e+00,3.011287473515620022e-03
2.007266121707538709e+00,2.952842399495555787e-03
2.016348773841961872e+00,2.896556818863429972e-03
2.025431425976385036e+00,2.842315195062053521e-03
2.034514078110808200e+00,2.790010076521306105e-03
2.043596730245231807e+00,2.739541401841761540e-03
2.052679382379654971e+00,2.690815875381716814e-03
2.061762034514078135e+00,2.643746405143066434e-03
2.070844686648501298e+00,2.598251595717682855e-03
2.079927338782924906e+00,2.554255290242879711e-03
2.089009990917347626e+00,2.511686155797901877e-03
2.098092643051770789e+00,2.470477307560923347e-03
2.107175295186193953e+00,2.430565967593401652e-03
2.116257947320617561e+00,2.391893154531224593e-03
2.125340599455040724e+00,2.354403401014767104e-03
2.134423251589463888e+00,2.318044495957714574e-03
2.143505903723887052e+00,2.282767249193034479e-03
2.152588555858310659e+00,2.248525276223339257e-03
2.161671207992733823e+00,2.215274801124168889e-03
2.170753860127156987e+00,2.182974475837641710e-03
2.179836512261580150e+00,2.151585214254880460e-03
2.188919164396003758e+00,2.121070039758379822e-03
2.198001816530426922e+00,2.091393944887814244e-03
2.207084468664850085e+00,2.062523762105819992e-03
2.216167120799273249e+00,2.034428044569245881e-03
2.225249772933696413e+00,2.007076956070481897e-03
2.234332425068120020e+00,1.980442169318790552e-03
2.243415077202543184e+00,1.954496771833509443e-03
2.252497729336966348e+00,1.929215178782276710e-03
2.261580381471389511e+00,1.904573052198630951e-03
2.270663033605813119e+00,1.880547226009147586e-03
2.279745685740236283e+00,1.857115636428236394e-03
2.288828337874659447e+00,1.834257257233240512e-03
2.297910990009082610e+00,1.811952039547666494e-03
2.306993642143506218e+00,1.790180855796278617e-03
2.316076294277929382e+00,1.768925447431838943e-03
2.325158946412352545e+00,1.748168376214640201e-03
2.334241598546775709e+00,1.727892978712377604e-03
2.343324250681198873e+00,1.708083323807436374e-03
2.352406902815622480e+00,1.688724172958885232e-03
2.361489554950045200e+00,1.669800943031526713e-03
2.370572207084468364e+00,1.651299671488936239e-03
2.379654859218891527e+00,1.633206983782151773e-03
2.388737511353315135e+00,1.615510062777243813e-03
2.397820163487738299e+00,1.598196620061832036e-03
2.406902815622161462e+00,1.581254869008370074e-03
2.415985467756584626e+00,1.564673499470748763e-03
2.425068119891008234e+00,1.548441654002949896e-03
2.434150772025431397e+00,1.532548905461138689e-03
2.443233424159854561e+00,1.516985235957292325e-03
2.452316076294277725e+00,1.501741017007627091e-03
2.461398728428700888e+00,1.486806990837640906e-03
2.470481380563124496e+00,1.472174252758096493e-03
2.479564032697547660e+00,1.457834234525719891e-03
2.488646684831970823e+00,1.443778688637289065e-03
2.497729336966393987e+00,1.429999673507844271e-03
2.506811989100817595e+00,1.416489539441247690e-03
2.515894641235240758e+00,1.403240915393461378e-03
2.524977293369663922e+00,1.390246696420312190e-03
2.534059945504087086e+00,1.377500031816036603e-03
2.543142597638510694e+00,1.364994313872120368e-03
2.552225249772933857e+00,1.352723167246269471e-03
2.561307901907357021e+00,1.340680438841962896e-03
2.570390554041780184e+00,1.328860188262590480e-03
2.579473206176203348e+00,1.317256678711913867e-03
2.588555858310626956e+00,1.305864368397929029e-03
2.597638510445050120e+00,1.294677902318407863e-03
2.606721162579473283e+00,1.283692104499773758e-03
2.615803814713896447e+00,1.272901970608572141e-03
2.624886466848320055e+00,1.262302660912433374e-03
2.633969118982743218e+00,1.251889493603507196e-03
2.643051771117165938e+00,1.241657938428546637e-03
2.652134423251589102e+00,1.231603610635543383e-03
2.661217075386012709e+00,1.221722265195389909e-03
2.670299727520435873e+00,1.212009791317222905e-03
2.679382379654859037e+00,1.202462207194790900e-03
2.688465031789282200e+00,1.193075655028436695e-03
2.697547683923705364e+00,1.183846396234091661e-03
2.706630336058128972e+00,1.174770806914401944e-03
2.715712988192552135e+00,1.165845373507192395e-03
2.724795640326975299e+00,1.157066688647777472e-03
2.733878292461398463e+00,1.148431447199511901e-03
2.742960944595822070e+00,1.139936442475383838e-03
2.752043596730245234e+00,1.131578562617555246e-03
2.761126248864668398e+00,1.123354787135514557e-03
2.770208900999091561e+00,1.115262183603935118e-03
2.779291553133515169e+00,1.107297904490009725e-03
2.788374205267938333e+00,1.099459184125688768e-03
2.797456857402361496e+00,1.091743335801896326e-03
2.806539509536784660e+00,1.084147748993758873e-03
2.815622161671207824e+00,1.076669886694079205e-03
2.824704813805631431e+00,1.069307282866009939e-03
2.833787465940054595e+00,1.062057539991469006e-03
2.842870118074477759e+00,1.054918326723173648e-03
2.851952770208900922e+00,1.047887375644988156e-03
2.861035422343324530e+00,1.040962481100738985e-03
2.870118074477747694e+00,1.034141497130915133e-03
2.879200726612170858e+00,1.027422335476088806e-03
2.888283378746594021e+00,1.020802963671162090e-03
2.897366030881017629e+00,1.014281403211872651e-03
2.906448683015440793e+00,1.007855727784318263e-03
2.915531335149863956e+00,1.001524061580092969e-03
2.924613987284286676e+00,9.952845776616100950e-04
2.933696639418709839e+00,9.891354963930004164e-04
2.942779291553133447e+00,9.830750839431323142e-04
2.951861943687556611e+00,9.771016508282031471e-04
2.960944595821979775e+00,9.712135505231591368e-04
2.970027247956402938e+00,9.654091781112989022e-04
2.979109900090826546e+00,9.596869690025762716e-04
2.988192552225249710e+00,9.540453976813170669e-04
2.997275204359672873e+00,9.484829765129563833e-04
3.006357856494096037e+00,9.429982545841524922e-04
3.015440508628519645e+00,9.375898165945844437e-04
3.024523160762942808e+00,9.322562817827107851e-04
3.033605812897365972e+00,9.269963028937123085e-04
3.042688465031789136e+00,9.218085651738956200e-04
3.051771117166212299e+00,9.166917854289726971e-04
3.060853769300635907e+00,9.116447110677161842e-04
3.069936421435059071e+00,9.066661192390091653e-04
3.079019073569482234e+00,9.017548159371489543e-04
3.088101725703905398e+00,8.969096351963438615e-04
3.097184377838329006e+00,8.921294382587522829e-04
3.106267029972752169e+00,8.874131128249326469e-04
3.115349682107175333e+00,8.827595722705396542e-04
3.124432334241598497e+00,8.781677549542769466e-04
3.133514986376022105e+00,8.736366234948923348e-04
3.142597638510445268e+00,8.691651641008637337e-04
3.151680290644868432e+00,8.647523859135694286e-04
3.160762942779291595e+00,8.603973203792070461e-04
3.169845594913714759e+00,8.560990206278585018e-04
3.178928247048138367e+00,8.518565608916585418e-04
3.188010899182561531e+00,8.476690359187670975e-04
3.197093551316984250e+00,8.435355604400157593e-04
3.206176203451407414e+00,8.394552686050362356e-04
3.215258855585831022e+00,8.354273134914832295e-04
3.224341507720254185e+00,8.314508665757642343e-04
3.233424159854677349e+00,8.275251172698968802e-04
3.242506811989100513e+00,8.236492724382641966e-04
3.251589464123524120e+00,8.198225559403127726e-04
3.260672116257947284e+00,8.160442081927544132e-04
3.269754768392370448e+00,8.123134857460916243e-04
3.278837420526793611e+00,8.086296608510859301e-04
3.287920072661216775e+00,8.049920210817404454e-04
3.297002724795640383e+00,8.013998689250619511e-04
3.306085376930063546e+00,7.978525214187478501e-04
3.315168029064486710e+00,7.943493097842324125e-04
3.324250681198909874e+00,7.908895790289270427e-04
3.333333333333333481e+00,7.874726876750015765e-04
3.342415985467756645e+00,7.840980073713005099e-04
3.351498637602179809e+00,7.807649225890752123e-04
3.360581289736602972e+00,7.774728303020611271e-04
3.369663941871026580e+00,7.742211396776625155e-04
3.378746594005449744e+00,7.710092717910114806e-04
3.387829246139872907e+00,7.678366593244206201e-04
3.396911898274296071e+00,7.647027463015619152e-04
3.405994550408719235e+00,7.616069877991994913e-04
3.415077202543142842e+00,7.585488497039351991e-04
3.424159854677566006e+00,7.555278084403142368e-04
3.433242506811989170e+00,7.525433507275933924e-04
3.442325158946412333e+00,7.495949733374207731e-04
3.451407811080835941e+00,7.466821828617103973e-04
3.460490463215259105e+00,7.438044954809767051e-04
3.469573115349682269e+00,7.409614367477189868e-04
3.478655767484104988e+00,7.381525413599629914e-04
3.487738419618528152e+00,7.353773529677334409e-04
3.496821071752951759e+00,7.326354239540658992e-04
3.505903723887374923e+00,7.299263152486249384e-04
3.514986376021798087e+00,7.272495961232895278e-04
3.524069028156221250e+00,7.246048440195370982e-04
3.533151680290644858e+00,7.219916443505186403e-04
3.542234332425068022e+00,7.194095903340750903e-04
3.551316984559491186e+00,7.168582828201852533e-04
3.560399636693914349e+00,7.143373301147500987e-04
3.569482288828337957e+00,7.118463478226008277e-04
3.578564940962761121e+00,7.093849586921975375e-04
3.587647593097184284e+00,7.069527924457235735e-04
3.596730245231607448e+00,7.045494856487084833e-04
3.605812897366030612e+00,7.021746815453214436e-04
3.614895549500454219e+00,6.998280299266093629e-04
3.623978201634877383e+00,6.975091869850905167e-04
3.633060853769300547e+00,6.952178151837531093e-04
3.642143505903723710e+00,6.929535831227402569e-04
3.651226158038147318e+00,6.907161654041794668e-04
3.660308810172570482e+00,6.885052425175303180e-04
3.669391462306993645e+00,6.863205007095949089e-04
3.678474114441416809e+00,6.841616318697007386e-04
3.687556766575840417e+00,6.820283334100129191e-04
3.696639418710263580e+00,6.799203081562887711e-04
3.705722070844686744e+00,6.778372642359484787e-04
3.714804722979109908e+00,6.757789149667486677e-04
3.723887375113533071e+00,6.737449787606334057e-04
3.732970027247956679e+00,6.717351790158525076e-04
3.742052679382379843e+00,6.697492440126854652e-04
3.751135331516802562e+00,6.677869068306559967e-04
3.760217983651225726e+00,6.658479052391329039e-04
3.769300635785649334e+00,6.639319816102944418e-04
3.778383287920072497e+00,6.620388828342060146e-04
3.787465940054495661e+00,6.601683602192690578e-04
3.796548592188918825e+00,6.583201694205759831e-04
3.805631244323342433e+00,6.564940703440610677e-04
3.814713896457765596e+00,6.546898270700630094e-04
3.823796548592188760e+00,6.529072077785172531e-04
3.832879200726611923e+00,6.511459846549227026e-04
3.841961852861035087e+00,6.494059338349642517e-04
3.851044504995458695e+00,6.476868353216028683e-04
3.860127157129881859e+00,6.459884729031246551e-04
3.869209809264305022e+00,6.443106341040663902e-04
3.878292461398728186e+00,6.426531100842275152e-04
3.887375113533151794e+00,6.410156956110469413e-04
3.896457765667574957e+00,6.393981889620591139e-04
3.905540417801998121e+00,6.378003918781586113e-04
3.914623069936421285e+00,6.362221094864054915e-04
3.923705722070844892e+00,6.346631502580712221e-04
3.932788374205268056e+00,6.331233259287776492e-04
3.941871026339691220e+00,6.316024514559591928e-04
3.950953678474114383e+00,6.301003449512986195e-04
3.960036330608537547e+00,6.286168276299391100e-04
3.969118982742961155e+00,6.271517237561897995e-04
3.978201634877384318e+00,6.257048605860923360e-04
3.987284287011807482e+00,6.242760683250502592e-04
3.996366939146230646e+00,6.228651800652941712e-04
4.005449591280654253e+00,6.214720317403310415e-04
4.014532243415077417e+00,6.200964620830719948e-04
4.023614895549500581e+00,6.187383125669843097e-04
4.032697547683923744e+00,6.173974273714856378e-04
4.041780199818346908e+00,6.160736533282878133e-04
4.050862851952770072e+00,6.147668398791770452e-04
4.059945504087193235e+00,6.134768390380961143e-04
4.069028156221616399e+00,6.122035053353498115e-04
4.078110808356039563e+00,6.109466957954042725e-04
4.087193460490463615e+00,6.097062698802807818e-04
4.096276112624886778e+00,6.084820894613821290e-04
4.105358764759309942e+00,6.072740187685346730e-04
4.114441416893733106e+00,6.060819243650371639e-04
4.123524069028156269e+00,6.049056751052449103e-04
4.132606721162579433e+00,6.037451420941514820e-04
4.141689373297002597e+00,6.026001986633981343e-04
4.150772025431425760e+00,6.014707203230646500e-04
4.159854677565849812e+00,6.003565847388082867e-04
4.168937329700272088e+00,5.992576716969106156e-04
4.178019981834695251e+00,5.981738630645125647e-04
4.187102633969118415e+00,5.971050427701148251e-04
4.196185286103541578e+00,5.960510967602644086e-04
4.205267938237964742e+00,5.950119129811438099e-04
4.214350590372387906e+00,5.939873813417317688e-04
4.223433242506811958e+00,5.929773936850579264e-04
4.232515894641235121e+00,5.919818437646231623e-04
4.241598546775658285e+00,5.910006272152793340e-04
4.250681198910081449e+00,5.900336415199478480e-04
4.259763851044504612e+00,5.890807859937890068e-04
4.268846503178927776e+00,5.881419617523813261e-04
4.277929155313350940e+00,5.872170716896477202e-04
4.287011807447774103e+00,5.863060204431653696e-04
4.296094459582198155e+00,5.854087143899799417e-04
4.305177111716621319e+00,5.845250615983725801e-04
4.314259763851044482e+00,5.836549718308963212e-04
4.323342415985467646e+00,5.827983565020068831e-04
4.332425068119890810e+00,5.819551286609698929e-04
4.341507720254313973e+00,5.811252029744507679e-04
4.350590372388737137e+00,5.803084957096447472e-04
4.359673024523160301e+00,5.795049247012612004e-04
4.368755676657583464e+00,5.787144093372455526e-04
4.377838328792007516e+00,5.779368705449789085e-04
4.386920980926430680e+00,5.771722307615469519e-04
4.396003633060853844e+00,5.764204139172148618e-04
4.405086285195277007e+00,5.756813454426517847e-04
4.414168937329700171e+00,5.749549522002858756e-04
4.423251589464123334e+00,5.742411625155794102e-04
4.432334241598546498e+00,5.735399061269946981e-04
4.441416893732969662e+00,5.728511141948741323e-04
4.450499545867392825e+00,5.721747192627227871e-04
4.459582198001816877e+00,5.715106552497560468e-04
4.468664850136240041e+00,5.708588574658249488e-04
4.477747502270663205e+00,5.702192625200956785e-04
4.486830154405086368e+00,5.695918083829242277e-04
4.495912806539509532e+00,5.689764343482105104e-04
4.504995458673932696e+00,5.683730809927009910e-04
4.514078110808355859e+00,5.677816902019071875e-04
4.523160762942779023e+00,5.672022051260028211e-04
4.532243415077203075e+00,5.666345701857681714e-04
4.541326067211626238e+00,5.660787310481701570e-04
4.550408719346049402e+00,5.655346346248175645e-04
4.559491371480472566e+00,5.650022290476147463e-04
4.568574023614895729e+00,5.644814636676302559e-04
4.577656675749318893e+00,5.639722890380456004e-04
4.586739327883742057e+00,5.634746569062425159e-04
4.595821980018165220e+00,5.629885201977271767e-04
4.604904632152588384e+00,5.625138330118672212e-04
4.613987284287012436e+00,5.620505506081178299e-04
4.623069936421435600e+00,5.615986293981673318e-04
4.632152588555858763e+00,5.611580269324916879e-04
4.641235240690281927e+00,5.607287018957808926e-04
4.650317892824705091e+00,5.603106140945628057e-04
4.659400544959128254e+00,5.599037244464162089e-04
4.668483197093551418e+00,5.595079949794136333e-04
4.677565849227974581e+00,5.591233888166720215e-04
4.686648501362397745e+00,5.587498701662164122e-04
4.695731153496821797e+00,5.583874043242400284e-04
4.704813805631244961e+00,5.580359576526513175e-04
4.713896457765668124e+00,5.576954975873432696e-04
4.722979109900090400e+00,5.573659926173352109e-04
4.732061762034513563e+00,5.570474122858951700e-04
4.741144414168936727e+00,5.567397271829398371e-04
4.750227066303359891e+00,5.564429089359789827e-04
4.759309718437783054e+00,5.561569302080923358e-04
4.768392370572206218e+00,5.558817646847601058e-04
4.777475022706630270e+00,5.556173870824149524e-04
4.786557674841053434e+00,5.553637731209653747e-04
4.795640326975476597e+00,5.551208995428670448e-04
4.804722979109899761e+00,5.548887440916593994e-04
4.813805631244322925e+00,5.546672855100122325e-04
4.822888283378746088e+00,5.544565035414230139e-04
4.831970935513169252e+00,5.542563789206543350e-04
4.841053587647592416e+00,5.540668933696130723e-04
4.850136239782016467e+00,5.538880295966541138e-04
4.859218891916439631e+00,5.537197712870542323e-04
4.868301544050862795e+00,5.535621031113863557e-04
4.877384196185285958e+00,5.534150106999909417e-04
4.886466848319709122e+00,5.532784806715867728e-04
4.895549500454132286e+00,5.531525005979491668e-04
4.904632152588555449e+00,5.530370590308219354e-04
4.913714804722978613e+00,5.529321454769402927e-04
4.922797456857401777e+00,5.528377503938789036e-04
4.931880108991825828e+00,5.527538652189950942e-04
4.940962761126248992e+00,5.526804823310094974e-04
4.950045413260672156e+00,5.526175950733631286e-04
4.959128065395095319e+00,5.525651977369565619e-04
4.968210717529518483e+00,5.525232855694434944e-04
4.977293369663941647e+00,5.524918547697845817e-04
4.986376021798364810e+00,5.524709024856710483e-04
4.995458673932787974e+00,5.524604268186149086e-04
